Workbook
Name Definition: 'Bankruptcy type definition (fix'!$B$3:$B$8

Sheet README   MANUAL（EN）
A1: IWR Measurement Workbook
A3: Iterative Why Robustness (IWR) – Manual Evaluation Template
A7: 1. Purpose
A9: This workbook is designed to manually measure
A10: Iterative Why Robustness (IWR) —
A11: a metric for evaluating how long an AI system can maintain
A12: coherent causal reasoning under repeated “why” questioning.
A14: This template is intended for:
A16: Initial exploratory measurements
A18: Cross-model comparison
A20: Failure pattern collection
A22: Designing future automated benchmarks
... A150: Attribution is appreciated.

Sheet README   MANUAL（JP）
A1: IWR Measurement Workbook
A3: Iterative Why Robustness (IWR) – Manual Measurement Template
A7: 1. このExcelの目的
A9: このワークブックは、
A10: IWR（Iterative Why Robustness） を用いて
A11: LLM / AIシステムの
A12: 「なぜ？」に対する意味的・因果的耐性を
A13: 手動で再現性高く測定するための実験テンプレートです。
A15: 本テンプレは以下を目的とします：
A17: 初期IWR実測（自動化前）
A19: モデル間の比較
A21: 破綻パターンの収集
... A153: 出典表記を推奨します。

Sheet Overview(実験メタ情報）
A1: Overview(実験メタ情報）
A2: Item | B2: 項目 | C2: Description | D2: 内容
A3: Experiment ID | B3: 実験ID | C3: IWR_YYYYMMDD_01 | D3: IWR_YYYYMMDD_01
A4: Experimenter | B4: 実験者 | D4: RK
A5: Experiment Date | B5: 実験日 | C5: YYYY/MM/DD | D5: YYYY/MM/DD
A6: Experiment Objective | B6: 実験目的 | C6: Initial IWR Measurement (Manual) | D6: IWR初期実測（手動）
A7: Language | B7: 言語 | C7: Japanese / English | D7: 日本語 / 英語
A8: Maximum Depth K | B8: 最大深さK | C8: 15 | D8: 15
A9: WHY Template | B9: WHYテンプレ | C9: Why can you say that? Explain the central reason behind your answer, starting with premise, followed by causation, and then conclusion. | D9: なぜそう言えるの？いまの答えの中心の理由を、前提→因果→結論で説明して
A10: Notes | B10: 備考 | C10: Initial manual/exploratory | D10: 初回手動・探索的

Sheet Models(実験対象一覧）
A1: Models(実験対象一覧）
A2: Model ID | B2: Model_Name | C2: Provider | D2: Model_Type | E2: Access_Type | F2: Notes
A3: M01 | B3: GPT-4.1 | C3: OpenAI | D3: LLM | E3: API | F3: Default
A4: M02 | B4: GPT-4.1-mini | C4: OpenAI | D4: LLM | E4: API | F4: Lightweight
A5: M03 | B5: Grok-4 | C5: xAI | D5: LLM | E5: Web/API | F5: High reasoning
A6: M04 | B6: Gemini 2.0 | C6: Google | D6: LLM | E6: Web/API | F6: Multimodal
A7: M99 | B7: Other | C7: Other | D7: LLM | E7: Other | F7: Free entry

Sheet PO(種問)JA
A1: PO(種問)JA
A2: SeedID | B2: Language | C2: PO | D2: Domain | E2: Domain_ID | F2: Notes
A3: JA-001 | B3: JA | C3: なぜ空は青いのか？ | D3: Physics | E3: =_xlfn.XLOOKUP(D3,LISTS01!N:N,LISTS01!M:M,"") -> D01
A4: JA-002 | B4: JA | C4: なぜエネルギー保存則は破れないのか？ | D4: Physics | E4: =_xlfn.XLOOKUP(D4,LISTS01!N:N,LISTS01!M:M,"") -> D01
A5: JA-003 | B5: JA | C5: なぜ量子化すると性能が落ちることがあるのか？ | D5: AI/ML | E5: =_xlfn.XLOOKUP(D5,LISTS01!N:N,LISTS01!M:M,"") -> D02
A6: JA-004 | B6: JA | C6: なぜ同じアルゴリズムでも環境が変わると振る舞いが変わるのか？ | D6: AI/ML | E6: =_xlfn.XLOOKUP(D6,LISTS01!N:N,LISTS01!M:M,"") -> D02
A7: JA-005 | B7: JA | C7: なぜ進化は最適解ではなく局所解に落ち着くことが多いのか？ | D7: Biology | E7: =_xlfn.XLOOKUP(D7,LISTS01!N:N,LISTS01!M:M,"") -> D03
A8: JA-006 | B8: JA | C8: なぜ生物は無駄に見える構造を残したまま進化するのか？ | D8: Biology | E8: =_xlfn.XLOOKUP(D8,LISTS01!N:N,LISTS01!M:M,"") -> D03
A9: JA-007 | B9: JA | C9: なぜ人間は理由を後付けしてしまうのか？ | D9: Society | E9: =_xlfn.XLOOKUP(D9,LISTS01!N:N,LISTS01!M:M,"") -> D04
A10: JA-008 | B10: JA | C10: なぜ理解できなくても「納得した」と感じることがあるのか？ | D10: Society | E10: =_xlfn.XLOOKUP(D10,LISTS01!N:N,LISTS01!M:M,"") -> D04
A11: JA-009 | B11: JA | C11: なぜ「説明できること」が「正しいこと」と混同されやすいのか？ | D11: Philosophy | E11: =_xlfn.XLOOKUP(D11,LISTS01!N:N,LISTS01!M:M,"") -> D05
A12: JA-010 | B12: JA | C12: なぜ複雑なシステムほど予測が難しくなるのか？ | D12: Philosophy | E12: =_xlfn.XLOOKUP(D12,LISTS01!N:N,LISTS01!M:M,"") -> D05
E13: =_xlfn.XLOOKUP(D13,LISTS01!N:N,LISTS01!M:M,"") -> （Question Domains）

Sheet PO(種問)EN
A1: PO(種問)EN
A2: SeedID | B2: Language | C2: PO | D2: Domain | E2: Domain_ID | F2: Notes
A3: EN-001 | B3: EN | C3: Why is the sky blue? | D3: Physics | E3: =_xlfn.XLOOKUP(D3,LISTS01!N:N,LISTS01!M:M,"") -> D01
A4: EN-002 | B4: EN | C4: Why does the law of energy conservation hold? | D4: Physics | E4: =_xlfn.XLOOKUP(D4,LISTS01!N:N,LISTS01!M:M,"") -> D01
A5: EN-003 | B5: EN | C5: Why does quantization sometimes reduce model performance? | D5: AI/ML | E5: =_xlfn.XLOOKUP(D5,LISTS01!N:N,LISTS01!M:M,"") -> D02
A6: EN-004 | B6: EN | C6: Why can the same algorithm behave differently in different environments? | D6: AI/ML | E6: =_xlfn.XLOOKUP(D6,LISTS01!N:N,LISTS01!M:M,"") -> D02
A7: EN-005 | B7: EN | C7: Why does evolution often settle on local optima instead of global optima? | D7: Biology | E7: =_xlfn.XLOOKUP(D7,LISTS01!N:N,LISTS01!M:M,"") -> D03
A8: EN-006 | B8: EN | C8: Why do organisms retain seemingly inefficient structures? | D8: Biology | E8: =_xlfn.XLOOKUP(D8,LISTS01!N:N,LISTS01!M:M,"") -> D03
A9: EN-007 | B9: EN | C9: Why do humans tend to rationalize decisions after making them? | D9: Society | E9: =_xlfn.XLOOKUP(D9,LISTS01!N:N,LISTS01!M:M,"") -> D04
A10: EN-008 | B10: EN | C10: Why can people feel satisfied without fully understanding something? | D10: Society | E10: =_xlfn.XLOOKUP(D10,LISTS01!N:N,LISTS01!M:M,"") -> D04
A11: EN-009 | B11: EN | C11: Why is “being explainable” often mistaken for “being correct”? | D11: Philosophy | E11: =_xlfn.XLOOKUP(D11,LISTS01!N:N,LISTS01!M:M,"") -> D05
A12: EN-010 | B12: EN | C12: Why do complex systems become harder to predict as they grow? | D12: Philosophy | E12: =_xlfn.XLOOKUP(D12,LISTS01!N:N,LISTS01!M:M,"") -> D05
E13: =_xlfn.XLOOKUP(D13,LISTS01!N:N,LISTS01!M:M,"") -> （Question Domains）

Sheet IWR Measurement Log (Main)
A1: IWR Measurement Log (Main)
A2: 1 line = 1 step (very important)
A3: Model_Name | B3: Model_ID | C3: Seed ID | D3: k | E3: Why | F3: Answer | G3: New causal factors(新規因果）[Y/N] | H3: contradiction(矛盾)[Y/N] | I3: deviation(逸脱)[Y/N] | J3: Bankruptcy(破綻)[Y/N] | K3: Bankruptcy type | L3: Bankruptcy type ID | M3: NOTE
B4: =_xlfn.XLOOKUP(A4, LISTS01!$B:$B, LISTS01!$A:$A, "") -> （Models） | L4: =_xlfn.XLOOKUP(K5, LISTS02!$B:$B, LISTS02!$A:$A, "") -> （Bankruptcy Types） | N4: Y
B5: =_xlfn.XLOOKUP(A5, LISTS01!$B:$B, LISTS01!$A:$A, "") -> （Models） | L5: =_xlfn.XLOOKUP(K5, LISTS02!$B:$B, LISTS02!$A:$A, "") -> （Bankruptcy Types） | N5: N
B6: =_xlfn.XLOOKUP(A6, LISTS01!$B:$B, LISTS01!$A:$A, "") -> （Models） | L6: =_xlfn.XLOOKUP(K6, LISTS02!$B:$B, LISTS02!$A:$A, "") -> （Bankruptcy Types）
B7: =_xlfn.XLOOKUP(A7, LISTS01!$B:$B, LISTS01!$A:$A, "") -> （Models） | L7: =_xlfn.XLOOKUP(K7, LISTS02!$B:$B, LISTS02!$A:$A, "") -> （Bankruptcy Types）
B8: =_xlfn.XLOOKUP(A8, LISTS01!$B:$B, LISTS01!$A:$A, "") -> （Models） | L8: =_xlfn.XLOOKUP(K8, LISTS02!$B:$B, LISTS02!$A:$A, "") -> （Bankruptcy Types）
B9: =_xlfn.XLOOKUP(A9, LISTS01!$B:$B, LISTS01!$A:$A, "") -> （Models） | L9: =_xlfn.XLOOKUP(K9, LISTS02!$B:$B, LISTS02!$A:$A, "") -> （Bankruptcy Types）
B10: =_xlfn.XLOOKUP(A10, LISTS01!$B:$B, LISTS01!$A:$A, "") -> （Models） | L10: =_xlfn.XLOOKUP(K10, LISTS02!$B:$B, LISTS02!$A:$A, "") -> （Bankruptcy Types）
B11: =_xlfn.XLOOKUP(A11, LISTS01!$B:$B, LISTS01!$A:$A, "") -> （Models） | L11: =_xlfn.XLOOKUP(K11, LISTS02!$B:$B, LISTS02!$A:$A, "") -> （Bankruptcy Types）
B12: =_xlfn.XLOOKUP(A12, LISTS01!$B:$B, LISTS01!$A:$A, "") -> （Models） | L12: =_xlfn.XLOOKUP(K12, LISTS02!$B:$B, LISTS02!$A:$A, "") -> （Bankruptcy Types）
B13: =_xlfn.XLOOKUP(A13, LISTS01!$B:$B, LISTS01!$A:$A, "") -> （Models） | L13: =_xlfn.XLOOKUP(K13, LISTS02!$B:$B, LISTS02!$A:$A, "") -> （Bankruptcy Types）
B14: =_xlfn.XLOOKUP(A14, LISTS01!$B:$B, LISTS01!$A:$A, "") -> （Models） | L14: =_xlfn.XLOOKUP(K14, LISTS02!$B:$B, LISTS02!$A:$A, "") -> （Bankruptcy Types）
B15: =_xlfn.XLOOKUP(A15, LISTS01!$B:$B, LISTS01!$A:$A, "") -> （Models） | L15: =_xlfn.XLOOKUP(K15, LISTS02!$B:$B, LISTS02!$A:$A, "") -> （Bankruptcy Types）
B16: =_xlfn.XLOOKUP(A16, LISTS01!$B:$B, LISTS01!$A:$A, "") -> （Models） | L16: =_xlfn.XLOOKUP(K16, LISTS02!$B:$B, LISTS02!$A:$A, "") -> （Bankruptcy Types）
B17: =_xlfn.XLOOKUP(A17, LISTS01!$B:$B, LISTS01!$A:$A, "") -> （Models） | L17: =_xlfn.XLOOKUP(K17, LISTS02!$B:$B, LISTS02!$A:$A, "") -> （Bankruptcy Types）
... B43: =_xlfn.XLOOKUP(A43, LISTS01!$B:$B, LISTS01!$A:$A, "") -> （Models） | L43: =_xlfn.XLOOKUP(K43, LISTS02!$B:$B, LISTS02!$A:$A, "") -> （Bankruptcy Types）

Sheet Bankruptcy type definition (fix
A1: Bankruptcy type definition (fix
A2: Failure Type(破綻タイプ) | B2: Definition | C2: 定義
A3: Evasion(逃げ) | B3: Not directly answering the question | C3: 質問に直接答えない
A4: Inconsistency(矛盾) | B4: Logically conflicting with previous answers | C4: 過去回答と論理的に衝突
A5: Circular(循環) | B5: No new causal factors are added | C5: 新しい因果が追加されない
A6: Deviation(逸脱) | B6: The topic shifts | C6: 話題がズレる
A7: Rejection(拒否) | B7: Proliferation of policy wording | C7: ポリシー文言の増殖
A8: Stagnation(停滞) | B8: Only changing wording | C8: 表現変更のみ

Sheet Free Notes
A1: Target ID | B1: Awareness | C1: Hypothesis
A2: ex.A | B2: Tendency to dislike WHY. | C2: Is safety adjustment the cause?
A3: ex.B | B3: Depth but redundancy. | C3: Low compression resistance.

Sheet LISTS01
A1: （Models） | H1: （Providers） | M1: （Question Domains） | R1: （Why Operator Type）
A2: Model ID | B2: Model_Name | C2: Provider | D2: Model_Type | E2: Access_Type | F2: Notes | H2: Provider_ID | I2: Provider Name | J2: Region | K2: Notes | M2: Domain_ID | N2: Domain Name | O2: Description | P2: Notes | R2: WHY_OP_ID | S2: WHY Operator Name | T2: Description | U2: Version
A3: M01 | B3: GPT-4.1 | C3: OpenAI | D3: LLM | E3: API | F3: Default | H3: P01 | I3: OpenAI | J3: US | M3: D01 | N3: Physics | O3: Natural science, causality | R3: W01 | S3: Simple Why | T3: "Why?" | U3: v0
A4: M02 | B4: GPT-4.1-mini | C4: OpenAI | D4: LLM | E4: API | F4: Lightweight | H4: P02 | I4: Google | J4: US | M4: D02 | N4: AI/ML | O4: Models, training, reasoning | R4: W02 | S4: Structured Why | T4: Premise → Causation → Conclusion | U4: v0
A5: M03 | B5: Grok-4 | C5: xAI | D5: LLM | E5: Web/API | F5: High reasoning | H5: P03 | I5: xAI | J5: US | M5: D03 | N5: Biology | O5: Life, evolution, systems | R5: W03 | S5: Uncertainty Allowed | T5: Explicit unknown allowed | U5: v0
A6: M04 | B6: Gemini 2.0 | C6: Google | D6: LLM | E6: Web/API | F6: Multimodal | H6: P04 | I6: Anthropic | J6: US | M6: D04 | N6: Society | O6: Economics, law, ethics | R6: W04 | S6: Aggressive Why | T6: Challenge assumption | U6: v0
A7: M99 | B7: Other | C7: Other | D7: LLM | E7: Other | F7: Free entry | H7: P99 | I7: Other | M7: D05 | N7: Philosophy | O7: Why, meaning, causation | R7: W99 | S7: Custom | T7: Free text
M8: D06 | N8: Daily Life | O8: Common-sense reasoning
M9: D99 | N9: Other | O9: Free category
M11: Domain_ID ドメイン名 説明 備考 | R11: WHY_OP_ID WHY演算子名 説明 バージョン
M12: D01 物理学 自然科学、因果関係 | R12: W01 シンプルなWhy 「なぜ？」 v0
M13: D02 AI / ML モデル、トレーニング、推論 | R13: W02 構造化されたWhy 前提 → 因果関係 → 結論 v0
M14: D03 生物学 生命、進化、システム | R14: W03 不確実性あり 明示的に不明な場合は許可 v0
M15: D04 社会 経済、法律、倫理 | R15: W04 積極的なWhy 仮定に挑戦 v0
M16: D05 哲学 なぜ、意味、因果関係 | R16: W99 カスタム 自由記述
M17: D06 日常生活 常識的推論
M18: D99 その他 自由分野

Sheet LISTS02
A1: （Bankruptcy Types） | F1: (Other)
A2: Failure_ID | B2: Failure Type | C2: Short Code | D2: Notes | F2: Experimenter | G2: RK | I2: Failure_ID 障害タイプ ショートコード 備考 | N2: 項目値
A3: F01 | B3: Evasion | C3: EV | F3: Project | G3: EDiE | I3: F01 回避 EV | N3: 実験者：RK
A4: F02 | B4: Inconsistency | C4: IN | F4: Metric | G4: IWR | I4: F02 不整合 IN | N4: プロジェクト EDiE
A5: F03 | B5: Circular | C5: CI | F5: Measurement type | G5: Manual | I5: F03 循環 CI | N5: 指標 IWR
A6: F04 | B6: Deviation | C6: DE | F6: Status | G6: Exploratory | I6: F04 偏差 DE | N6: 測定タイプ：手動
A7: F05 | B7: Rejection | C7: RE | I7: F05 拒否 RE | N7: ステータス：探索的
A8: F06 | B8: Stagnation | C8: ST | I8: F06 停滞 ST
